order_id,date,customer_id,product,quantity,unit_price,region,status
ORD000001,2024-07-17,CUST0035,Keyboard,7,175.43,West,Cancelled
ORD000002,2024-05-31,CUST0062,Charger,8,215.6,South,Completed
ORD000003,2024-03-16,CUST0093,Laptop,1,498.11,East,Completed
ORD000004,2024-08-23,CUST0092,Mouse,1,42.27,North,Cancelled
ORD000005,2024-05-05,CUST0077,Laptop,6,55.22,East,Cancelled
ORD000006,2024-06-28,CUST0024,Keyboard,8,225.37,South,Completed
ORD000007,2024-10-18,CUST0061,Headphones,9,428.85,South,Cancelled
ORD000008,2024-05-10,CUST0083,Keyboard,8,375.37,West,Completed
ORD000009,2024-01-02,CUST0027,Monitor,7,192.23,South,Cancelled
ORD000010,2024-09-12,CUST0059,USB Cable,5,332.79,West,Completed
ORD000011,2024-03-08,CUST0005,Headphones,6,215.93,South,Completed
ORD000012,2024-09-05,CUST0072,Monitor,6,82.19,East,Completed
ORD000013,2024-06-19,CUST0094,USB Cable,5,295.38,East,Completed
ORD000014,2024-10-19,CUST0050,Laptop,2,282.43,South,Completed
ORD000015,2024-10-27,CUST0042,Monitor,9,367.19,North,Completed
ORD000016,2024-03-24,CUST0043,Headphones,8,420.54,West,Completed
ORD000017,2024-03-05,CUST0068,Keyboard,10,265.11,South,Cancelled
ORD000018,2024-05-12,CUST0024,Mouse,5,52.39,East,Cancelled
ORD000019,2024-01-05,CUST0062,Monitor,2,195.64,South,Pending
ORD000020,2024-02-03,CUST0038,Mouse,4,236.3,South,Pending
ORD000021,2024-07-25,CUST0021,Mouse,9,123.97,North,Completed
ORD000022,2024-07-21,CUST0085,Monitor,3,479.2,North,Completed
ORD000023,2024-02-21,CUST0058,Laptop,8,28.23,South,Cancelled
ORD000024,2024-04-22,CUST0023,Keyboard,2,244.4,North,Completed
ORD000025,2024-10-03,CUST0077,Charger,2,452.9,North,Completed
ORD000026,2024-09-30,CUST0048,Laptop,7,400.57,East,Cancelled
ORD000027,2024-01-23,CUST0020,Charger,6,249.41,West,Completed
ORD000028,2024-06-25,CUST0085,Webcam,6,410.92,North,Completed
ORD000029,2024-04-17,CUST0007,Keyboard,7,307.31,South,Completed
ORD000030,2024-08-31,CUST0009,Mouse,5,292.17,East,Completed
ORD000031,2024-08-02,CUST0002,Webcam,9,193.4,North,Completed
ORD000032,2024-04-06,CUST0066,Keyboard,7,455.97,North,Completed
ORD000033,2024-01-17,CUST0096,Monitor,7,256.25,South,Completed
ORD000034,2024-04-16,CUST0084,Monitor,7,461.18,North,Cancelled
ORD000035,2024-09-09,CUST0009,Webcam,1,421.87,South,Pending
ORD000036,2024-04-15,CUST0074,Monitor,10,140.64,East,Completed
ORD000037,2024-09-25,CUST0084,USB Cable,7,315.38,West,Pending
ORD000038,2024-01-14,CUST0002,Headphones,9,391.9,South,Completed
ORD000039,2024-06-24,CUST0017,Webcam,9,420.0,West,Completed
ORD000040,2024-02-16,CUST0094,Webcam,7,193.78,North,Completed
ORD000041,2024-09-13,CUST0052,Webcam,2,279.33,West,Completed
ORD000042,2024-01-14,CUST0022,USB Cable,5,461.56,North,Pending
ORD000043,2024-07-22,CUST0093,USB Cable,5,408.36,East,Pending
ORD000044,2024-04-29,CUST0035,Mouse,6,83.76,South,Cancelled
ORD000045,2024-08-04,CUST0030,Webcam,1,495.32,North,Cancelled
ORD000046,2024-05-19,CUST0035,Laptop,2,262.68,North,Completed
ORD000047,2024-04-29,CUST0092,Laptop,3,424.92,East,Cancelled
ORD000048,2024-01-19,CUST0049,Mouse,6,477.57,East,Cancelled
ORD000049,2024-08-21,CUST0064,Charger,9,330.52,West,Pending
ORD000050,2024-03-26,,Webcam,6,449.13,South,Completed
ORD000051,2024-02-10,CUST0077,Mouse,4,57.77,South,Completed
ORD000052,2024-09-04,CUST0067,Laptop,1,247.44,South,Cancelled
ORD000053,2024-04-08,CUST0054,Monitor,2,499.22,East,Completed
ORD000054,2024-05-05,CUST0044,Webcam,10,182.53,West,Completed
ORD000055,2024-08-22,CUST0001,USB Cable,2,330.5,South,Cancelled
ORD000056,2024-06-14,CUST0071,USB Cable,3,27.25,North,Pending
ORD000057,2024-05-16,CUST0012,Headphones,3,124.03,North,Completed
ORD000058,2024-04-30,CUST0019,Headphones,1,435.98,South,Pending
ORD000059,2024-07-22,CUST0095,Laptop,1,392.95,South,Completed
ORD000060,2024-05-16,CUST0034,Mouse,5,206.61,North,Pending
ORD000061,2024-08-16,CUST0045,Charger,6,345.9,West,Pending
ORD000062,2024-08-15,CUST0025,Monitor,10,25.78,East,Pending
ORD000063,2024-02-27,CUST0094,USB Cable,9,123.91,South,Cancelled
ORD000064,2024-03-16,CUST0034,Monitor,8,278.9,North,Completed
ORD000065,2024-06-13,CUST0096,Charger,10,179.54,West,Cancelled
ORD000066,2024-07-02,CUST0070,Monitor,5,398.74,East,Completed
ORD000067,2024-05-04,CUST0075,Headphones,1,28.18,West,Completed
ORD000068,2024-10-21,CUST0077,Charger,5,266.74,South,Cancelled
ORD000069,2024-01-23,CUST0035,USB Cable,5,419.49,South,Completed
ORD000070,2024-07-04,CUST0022,Mouse,7,140.23,East,Completed
ORD000071,2024-05-22,CUST0054,Monitor,2,98.05,West,Completed
ORD000072,2024-02-05,CUST0024,USB Cable,1,220.37,East,Completed
ORD000073,2024-08-27,CUST0077,Headphones,4,365.47,West,Pending
ORD000074,2024-05-03,CUST0073,Monitor,10,199.14,North,Pending
ORD000075,2024-06-02,CUST0055,Mouse,2,84.16,West,Completed
ORD000076,2024-04-18,CUST0035,Monitor,10,250.28,South,Completed
ORD000077,2024-02-15,CUST0076,Charger,2,186.34,East,Completed
ORD000078,2024-06-02,CUST0086,Keyboard,4,284.12,West,Completed
ORD000079,2024-05-07,CUST0099,Webcam,6,440.28,East,Completed
ORD000080,2024-01-05,CUST0065,USB Cable,8,399.25,South,Pending
ORD000081,2024-02-11,CUST0024,Headphones,8,71.01,West,Completed
ORD000082,2024-04-09,CUST0050,Webcam,7,238.41,South,Pending
ORD000083,2024-04-25,CUST0010,Mouse,3,29.92,North,Pending
ORD000084,2024-07-28,CUST0008,Monitor,4,363.23,North,Completed
ORD000085,2024-08-09,CUST0069,Webcam,1,255.36,West,Completed
ORD000086,2024-10-09,CUST0033,USB Cable,2,124.21,South,Completed
ORD000087,2024-07-03,CUST0016,Headphones,2,160.15,West,Cancelled
ORD000088,2024-03-13,CUST0078,Headphones,7,63.73,East,Completed
ORD000089,2024-10-14,CUST0040,Mouse,5,229.37,East,Completed
ORD000090,2024-08-14,CUST0050,Webcam,10,28.22,North,Completed
ORD000091,2024-07-10,CUST0069,Headphones,9,84.55,South,Cancelled
ORD000092,2024-01-26,CUST0058,Webcam,2,307.92,North,Completed
ORD000093,2024-05-18,CUST0045,Webcam,5,443.8,North,Completed
ORD000094,2024-01-04,CUST0095,Monitor,7,317.98,North,Pending
ORD000095,2024-05-28,CUST0031,Headphones,1,397.85,East,Completed
ORD000096,2024-06-26,CUST0065,Monitor,1,65.59,West,Completed
ORD000097,2024-07-18,CUST0035,Charger,3,312.75,North,Completed
ORD000098,2024-09-05,CUST0022,Mouse,2,210.11,East,Cancelled
ORD000099,2024-08-05,CUST0079,Headphones,4,39.36,North,Pending
ORD000100,2024-01-16,,Mouse,6,-10.0,West,Completed
ORD000101,2024-08-22,CUST0040,Webcam,8,400.08,East,Cancelled
ORD000102,2024-10-26,CUST0053,Keyboard,1,384.3,North,Completed
ORD000103,2024-06-24,CUST0059,Keyboard,2,385.76,West,Completed
ORD000104,2024-06-11,CUST0087,Mouse,9,97.72,East,Pending
ORD000105,2024-01-15,CUST0080,Laptop,5,39.41,South,Pending
ORD000106,2024-06-16,CUST0045,Webcam,1,70.74,North,Completed
ORD000107,2024-06-22,CUST0016,Keyboard,8,476.95,West,Cancelled
ORD000108,2024-04-13,CUST0070,Laptop,7,160.66,South,Pending
ORD000109,2024-10-10,CUST0097,Laptop,1,203.1,South,Pending
ORD000110,2024-05-14,CUST0023,Monitor,10,94.38,South,Cancelled
ORD000111,2024-02-01,CUST0009,Laptop,5,294.21,West,Completed
ORD000112,2024-10-11,CUST0006,USB Cable,10,241.11,East,Completed
ORD000113,2024-03-19,CUST0064,Headphones,5,244.22,East,Completed
ORD000114,2024-01-12,CUST0086,Webcam,5,207.56,South,Completed
ORD000115,2024-09-25,CUST0098,Laptop,3,435.74,North,Pending
ORD000116,2024-02-11,CUST0085,Webcam,4,333.0,South,Completed
ORD000117,2024-01-27,CUST0046,Headphones,4,186.63,West,Cancelled
ORD000118,2024-10-24,CUST0074,Webcam,2,111.15,South,Pending
ORD000119,2024-03-22,CUST0092,Webcam,9,14.46,North,Completed
ORD000120,2024-03-26,CUST0056,USB Cable,4,342.14,North,Cancelled
ORD000121,2024-04-29,CUST0098,Keyboard,8,474.74,West,Completed
ORD000122,2024-08-24,CUST0017,Laptop,6,116.71,East,Pending
ORD000123,2024-06-27,CUST0072,Laptop,6,313.84,North,Completed
ORD000124,2024-08-17,CUST0049,Laptop,8,456.74,North,Completed
ORD000125,2024-03-18,CUST0067,Monitor,4,349.03,East,Completed
ORD000126,2024-09-02,CUST0040,Keyboard,1,347.78,East,Completed
ORD000127,2024-02-15,CUST0032,Monitor,3,410.65,South,Completed
ORD000128,2024-03-04,CUST0043,USB Cable,6,398.95,East,Completed
ORD000129,2024-01-10,CUST0074,Keyboard,1,102.44,East,Completed
ORD000130,2024-03-16,CUST0030,Laptop,8,16.42,South,Completed
ORD000131,2024-03-20,CUST0005,Headphones,8,455.13,South,Completed
ORD000132,2024-06-19,CUST0078,Headphones,2,109.8,West,Completed
ORD000133,2024-10-03,CUST0039,Keyboard,1,16.05,West,Cancelled
ORD000134,2024-04-04,CUST0062,Monitor,6,414.23,West,Cancelled
ORD000135,2024-01-17,CUST0055,Mouse,8,237.46,North,Completed
ORD000136,2024-08-25,CUST0039,Webcam,5,483.69,North,Cancelled
ORD000137,2024-01-23,CUST0058,Webcam,4,202.23,North,Completed
ORD000138,2024-10-18,CUST0002,Mouse,2,489.0,East,Cancelled
ORD000139,2024-06-19,CUST0060,Mouse,3,307.5,East,Completed
ORD000140,2024-09-16,CUST0001,Webcam,8,167.0,East,Completed
ORD000141,2024-07-18,CUST0088,Laptop,8,104.33,South,Cancelled
ORD000142,2024-08-26,CUST0017,Charger,2,272.42,East,Completed
ORD000143,2024-07-18,CUST0036,USB Cable,8,330.4,North,Pending
ORD000144,2024-04-15,CUST0041,Monitor,5,395.38,West,Cancelled
ORD000145,2024-06-13,CUST0072,Webcam,6,310.63,South,Pending
ORD000146,2024-06-27,CUST0056,Charger,1,46.44,North,Completed
ORD000147,2024-02-19,CUST0080,Charger,9,75.84,West,Completed
ORD000148,2024-09-07,CUST0100,Mouse,9,360.11,East,Cancelled
ORD000149,2024-03-02,CUST0066,Laptop,1,248.46,East,Completed
ORD000150,2024-10-23,,Webcam,7,427.45,North,Completed
ORD000151,2024-10-12,CUST0024,Monitor,6,427.5,South,Cancelled
ORD000152,2024-04-18,CUST0046,Laptop,2,269.41,East,Pending
ORD000153,2024-10-20,CUST0071,Keyboard,8,170.75,North,Cancelled
ORD000154,2024-02-16,CUST0030,Monitor,8,38.02,North,Completed
ORD000155,2024-01-04,CUST0025,Keyboard,10,121.68,South,Completed
ORD000156,2024-09-11,CUST0046,Charger,3,368.87,South,Completed
ORD000157,2024-07-14,CUST0087,Headphones,4,195.99,North,Completed
ORD000158,2024-09-09,CUST0039,Monitor,1,299.72,North,Completed
ORD000159,2024-02-23,CUST0058,Charger,5,160.56,North,Cancelled
ORD000160,2024-05-29,CUST0075,Monitor,2,434.37,East,Cancelled
ORD000161,2024-07-22,CUST0048,Charger,6,177.84,South,Pending
ORD000162,2024-05-24,CUST0021,Headphones,7,336.81,East,Completed
ORD000163,2024-05-10,CUST0016,Monitor,6,440.41,East,Cancelled
ORD000164,2024-08-26,CUST0021,USB Cable,4,80.22,South,Completed
ORD000165,2024-04-13,CUST0004,Laptop,1,376.8,North,Cancelled
ORD000166,2024-10-24,CUST0052,Monitor,9,176.26,South,Completed
ORD000167,2024-01-17,CUST0074,Webcam,9,19.13,South,Completed
ORD000168,2024-08-16,CUST0011,Monitor,3,143.19,East,Completed
ORD000169,2024-06-28,CUST0038,USB Cable,1,169.53,West,Cancelled
ORD000170,2024-07-02,CUST0077,Charger,7,360.4,North,Completed
ORD000171,2024-10-05,CUST0016,Monitor,4,232.69,North,Completed
ORD000172,2024-04-11,CUST0009,Headphones,3,232.49,East,Cancelled
ORD000173,2024-09-19,CUST0065,Mouse,9,87.56,North,Cancelled
ORD000174,2024-02-17,CUST0093,Headphones,5,99.93,East,Pending
ORD000175,2024-10-11,CUST0017,Charger,9,264.77,West,Completed
ORD000176,2024-09-23,CUST0045,Monitor,10,233.3,North,Cancelled
ORD000177,2024-01-24,CUST0050,USB Cable,1,57.9,West,Cancelled
ORD000178,2024-07-26,CUST0041,Laptop,1,395.5,East,Pending
ORD000179,2024-05-30,CUST0099,Monitor,5,392.99,South,Completed
ORD000180,2024-06-21,CUST0097,Webcam,2,274.28,North,Cancelled
ORD000181,2024-02-11,CUST0093,Charger,7,431.4,West,Completed
ORD000182,2024-08-12,CUST0053,Charger,7,99.8,North,Completed
ORD000183,2024-04-13,CUST0056,Charger,7,412.68,West,Completed
ORD000184,2024-08-19,CUST0093,USB Cable,4,382.81,North,Completed
ORD000185,2024-08-12,CUST0049,Charger,2,120.39,East,Completed
ORD000186,2024-02-16,CUST0030,Laptop,6,446.03,West,Completed
ORD000187,2024-07-26,CUST0075,Monitor,3,197.52,West,Cancelled
ORD000188,2024-02-21,CUST0100,Headphones,7,78.57,East,Cancelled
ORD000189,2024-07-15,CUST0017,Mouse,1,171.88,West,Pending
ORD000190,2024-01-15,CUST0019,Laptop,5,176.71,South,Completed
ORD000191,2024-07-31,CUST0034,Headphones,9,198.36,North,Pending
ORD000192,2024-01-16,CUST0002,Charger,3,486.29,East,Completed
ORD000193,2024-01-06,CUST0052,Webcam,1,214.17,South,Completed
ORD000194,2024-06-11,CUST0012,Webcam,8,309.02,South,Completed
ORD000195,2024-04-06,CUST0082,Laptop,6,465.38,South,Pending
ORD000196,2024-09-05,CUST0012,Mouse,4,304.69,West,Completed
ORD000197,2024-08-14,CUST0016,Laptop,10,495.32,West,Cancelled
ORD000198,2024-09-10,CUST0065,Laptop,1,169.89,North,Pending
ORD000199,2024-03-01,CUST0035,Keyboard,7,101.35,West,Pending
ORD000200,2024-10-06,,Mouse,3,-10.0,South,Completed
ORD000201,2024-08-11,CUST0053,Laptop,3,234.4,East,Completed
ORD000202,2024-03-14,CUST0002,Laptop,5,130.77,South,Completed
ORD000203,2024-02-04,CUST0090,Headphones,4,139.2,South,Cancelled
ORD000204,2024-08-28,CUST0054,Headphones,2,81.58,South,Cancelled
ORD000205,2024-02-29,CUST0090,Monitor,8,259.27,West,Completed
ORD000206,2024-04-09,CUST0068,Monitor,6,367.4,South,Pending
ORD000207,2024-01-19,CUST0071,Webcam,9,127.93,West,Cancelled
ORD000208,2024-01-14,CUST0052,Mouse,8,307.78,West,Completed
ORD000209,2024-09-24,CUST0012,Keyboard,7,322.49,North,Completed
ORD000210,2024-02-09,CUST0006,Headphones,7,238.35,North,Cancelled
ORD000211,2024-07-03,CUST0038,Keyboard,4,60.78,West,Cancelled
ORD000212,2024-09-17,CUST0072,Mouse,6,28.73,East,Completed
ORD000213,2024-05-12,CUST0083,Webcam,10,398.55,East,Pending
ORD000214,2024-05-14,CUST0029,Monitor,10,176.2,South,Completed
ORD000215,2024-01-01,CUST0071,Monitor,5,243.53,East,Completed
ORD000216,2024-09-10,CUST0067,Laptop,6,352.84,South,Completed
ORD000217,2024-07-30,CUST0089,Keyboard,10,337.1,South,Cancelled
ORD000218,2024-01-28,CUST0089,USB Cable,3,329.07,North,Completed
ORD000219,2024-01-09,CUST0024,Charger,6,163.98,East,Completed
ORD000220,2024-04-19,CUST0001,USB Cable,4,308.66,East,Completed
ORD000221,2024-03-14,CUST0059,Keyboard,9,276.12,North,Pending
ORD000222,2024-06-18,CUST0006,Monitor,8,482.46,West,Completed
ORD000223,2024-01-05,CUST0025,Laptop,1,51.26,South,Cancelled
ORD000224,2024-07-03,CUST0018,Charger,1,353.58,West,Completed
ORD000225,2024-10-21,CUST0028,USB Cable,10,369.82,South,Completed
ORD000226,2024-03-12,CUST0042,Keyboard,6,491.85,East,Pending
ORD000227,2024-09-02,CUST0088,Laptop,9,461.1,West,Cancelled
ORD000228,2024-06-23,CUST0013,Headphones,10,365.27,East,Completed
ORD000229,2024-08-21,CUST0017,Monitor,6,308.16,East,Completed
ORD000230,2024-03-25,CUST0022,Headphones,8,484.94,West,Completed
ORD000231,2024-01-03,CUST0063,Headphones,2,391.43,South,Completed
ORD000232,2024-01-18,CUST0065,Mouse,4,365.56,East,Completed
ORD000233,2024-07-05,CUST0029,USB Cable,2,294.07,North,Completed
ORD000234,2024-04-08,CUST0047,Mouse,8,33.93,North,Completed
ORD000235,2024-09-27,CUST0097,Monitor,6,169.12,North,Pending
ORD000236,2024-01-03,CUST0071,Keyboard,9,246.59,East,Cancelled
ORD000237,2024-03-24,CUST0037,USB Cable,9,199.6,East,Completed
ORD000238,2024-05-09,CUST0075,Mouse,1,454.86,North,Completed
ORD000239,2024-06-30,CUST0080,Charger,8,229.81,North,Pending
ORD000240,2024-10-12,CUST0001,Keyboard,3,493.58,West,Pending
ORD000241,2024-07-28,CUST0042,Charger,2,276.14,South,Completed
ORD000242,2024-05-09,CUST0044,Mouse,3,90.86,East,Completed
ORD000243,2024-05-25,CUST0070,Laptop,1,407.31,West,Completed
ORD000244,2024-09-27,CUST0037,Laptop,6,410.67,South,Completed
ORD000245,2024-04-05,CUST0057,Webcam,3,162.01,West,Completed
ORD000246,2024-02-05,CUST0095,Keyboard,8,290.04,South,Completed
ORD000247,2024-01-28,CUST0058,Monitor,1,246.24,East,Completed
ORD000248,2024-06-25,CUST0040,Laptop,10,486.8,East,Cancelled
ORD000249,2024-03-09,CUST0085,Headphones,1,382.91,West,Cancelled
ORD000250,2024-08-07,,Mouse,7,343.28,North,Completed
ORD000251,2024-09-26,CUST0037,Mouse,4,78.2,South,Pending
ORD000252,2024-04-13,CUST0028,USB Cable,10,76.09,North,Completed
ORD000253,2024-02-28,CUST0083,Webcam,2,102.82,North,Pending
ORD000254,2024-02-11,CUST0002,Headphones,3,165.88,East,Completed
ORD000255,2024-03-11,CUST0074,Charger,5,72.44,South,Completed
ORD000256,2024-09-13,CUST0038,Laptop,10,143.35,South,Completed
ORD000257,2024-06-21,CUST0093,Mouse,4,257.13,West,Completed
ORD000258,2024-04-15,CUST0057,Monitor,5,382.78,North,Completed
ORD000259,2024-08-01,CUST0088,Laptop,9,462.39,South,Completed
ORD000260,2024-04-21,CUST0044,Mouse,5,51.75,South,Pending
ORD000261,2024-09-11,CUST0015,Charger,6,64.82,South,Pending
ORD000262,2024-01-16,CUST0072,Webcam,2,283.58,East,Cancelled
ORD000263,2024-07-02,CUST0069,Monitor,2,173.74,South,Pending
ORD000264,2024-09-04,CUST0052,USB Cable,5,77.06,North,Pending
ORD000265,2024-06-28,CUST0065,Keyboard,10,370.37,North,Completed
ORD000266,2024-03-12,CUST0080,Monitor,2,40.25,North,Completed
ORD000267,2024-08-13,CUST0089,Monitor,4,452.84,North,Cancelled
ORD000268,2024-09-14,CUST0011,Keyboard,7,340.72,North,Completed
ORD000269,2024-03-06,CUST0048,USB Cable,4,272.81,East,Cancelled
ORD000270,2024-02-27,CUST0053,Charger,8,103.19,West,Completed
ORD000271,2024-03-09,CUST0093,Mouse,1,143.14,South,Completed
ORD000272,2024-07-11,CUST0032,Laptop,10,459.88,North,Cancelled
ORD000273,2024-03-31,CUST0097,Keyboard,4,441.65,West,Cancelled
ORD000274,2024-04-24,CUST0019,Headphones,9,148.55,West,Completed
ORD000275,2024-07-29,CUST0018,Webcam,5,159.22,West,Completed
ORD000276,2024-10-25,CUST0061,Mouse,4,100.49,East,Cancelled
ORD000277,2024-01-21,CUST0050,Keyboard,4,250.67,East,Completed
ORD000278,2024-08-27,CUST0099,Mouse,4,227.88,South,Cancelled
ORD000279,2024-01-12,CUST0021,Webcam,9,300.44,East,Pending
ORD000280,2024-03-08,CUST0064,Webcam,9,302.55,East,Completed
ORD000281,2024-07-03,CUST0023,Charger,7,495.05,West,Pending
ORD000282,2024-10-08,CUST0003,Mouse,2,168.84,South,Completed
ORD000283,2024-04-11,CUST0054,Headphones,2,479.31,East,Completed
ORD000284,2024-04-05,CUST0030,Charger,7,79.58,East,Pending
ORD000285,2024-10-14,CUST0100,Keyboard,6,328.37,East,Completed
ORD000286,2024-05-15,CUST0041,Headphones,2,499.72,East,Completed
ORD000287,2024-06-11,CUST0036,Monitor,5,113.4,South,Cancelled
ORD000288,2024-08-16,CUST0097,USB Cable,7,177.54,East,Pending
ORD000289,2024-08-01,CUST0012,Laptop,6,444.87,South,Cancelled
ORD000290,2024-04-16,CUST0072,Laptop,10,246.07,East,Completed
ORD000291,2024-08-14,CUST0022,Webcam,3,291.02,South,Cancelled
ORD000292,2024-07-18,CUST0058,Monitor,2,442.3,East,Completed
ORD000293,2024-08-14,CUST0077,Monitor,2,107.78,West,Completed
ORD000294,2024-07-11,CUST0002,Monitor,9,117.43,West,Pending
ORD000295,2024-06-08,CUST0047,Charger,9,430.88,East,Completed
ORD000296,2024-09-05,CUST0007,Monitor,6,50.53,North,Pending
ORD000297,2024-08-07,CUST0088,USB Cable,6,429.79,East,Completed
ORD000298,2024-07-20,CUST0073,Laptop,3,172.42,North,Completed
ORD000299,2024-03-03,CUST0019,Laptop,5,236.76,South,Cancelled
ORD000300,2024-03-10,,Mouse,10,-10.0,South,Completed
ORD000301,2024-08-18,CUST0059,Webcam,10,426.44,West,Completed
ORD000302,2024-06-16,CUST0023,Charger,2,171.39,North,Completed
ORD000303,2024-05-08,CUST0053,Laptop,8,230.31,West,Pending
ORD000304,2024-02-03,CUST0084,Headphones,1,407.29,West,Completed
ORD000305,2024-05-30,CUST0080,Charger,5,152.46,South,Completed
ORD000306,2024-04-14,CUST0057,Headphones,1,26.4,South,Completed
ORD000307,2024-03-02,CUST0092,Webcam,6,297.66,North,Completed
ORD000308,2024-09-24,CUST0082,USB Cable,2,389.61,West,Pending
ORD000309,2024-07-26,CUST0049,Mouse,1,171.54,East,Cancelled
ORD000310,2024-05-06,CUST0034,Charger,6,251.52,East,Completed
ORD000311,2024-08-08,CUST0021,Mouse,1,125.28,East,Completed
ORD000312,2024-08-04,CUST0049,Monitor,9,144.36,North,Completed
ORD000313,2024-08-19,CUST0004,Laptop,9,160.89,West,Pending
ORD000314,2024-01-30,CUST0004,Keyboard,7,134.06,East,Cancelled
ORD000315,2024-08-14,CUST0069,Laptop,3,341.07,West,Cancelled
ORD000316,2024-04-11,CUST0084,Headphones,9,254.58,East,Completed
ORD000317,2024-09-21,CUST0022,Keyboard,1,26.81,East,Completed
ORD000318,2024-02-23,CUST0003,Webcam,7,200.7,South,Completed
ORD000319,2024-08-04,CUST0075,Mouse,2,443.12,East,Cancelled
ORD000320,2024-10-23,CUST0003,Webcam,5,318.74,East,Completed
ORD000321,2024-01-19,CUST0088,Webcam,9,150.81,North,Completed
ORD000322,2024-07-03,CUST0081,USB Cable,8,315.27,West,Pending
ORD000323,2024-04-06,CUST0008,Monitor,8,321.74,East,Pending
ORD000324,2024-01-22,CUST0002,Mouse,6,146.15,East,Cancelled
ORD000325,2024-03-03,CUST0015,Laptop,7,394.5,East,Completed
ORD000326,2024-03-30,CUST0065,USB Cable,4,449.82,West,Completed
ORD000327,2024-04-02,CUST0069,Mouse,10,160.32,North,Completed
ORD000328,2024-10-04,CUST0043,Monitor,7,13.49,East,Completed
ORD000329,2024-04-02,CUST0087,USB Cable,8,260.54,South,Pending
ORD000330,2024-02-03,CUST0065,Monitor,5,471.41,West,Cancelled
ORD000331,2024-03-01,CUST0007,Keyboard,6,245.1,West,Cancelled
ORD000332,2024-02-05,CUST0093,Webcam,5,419.43,East,Completed
ORD000333,2024-01-21,CUST0050,Keyboard,3,462.56,East,Completed
ORD000334,2024-08-18,CUST0010,Laptop,5,139.3,East,Completed
ORD000335,2024-07-11,CUST0058,Monitor,8,277.25,South,Completed
ORD000336,2024-08-04,CUST0024,Headphones,1,465.04,South,Completed
ORD000337,2024-01-25,CUST0073,USB Cable,4,266.59,West,Completed
ORD000338,2024-01-01,CUST0065,Headphones,10,335.29,West,Completed
ORD000339,2024-01-31,CUST0034,Monitor,7,164.25,North,Completed
ORD000340,2024-07-31,CUST0020,Laptop,10,202.46,North,Completed
ORD000341,2024-06-02,CUST0049,Keyboard,8,255.78,North,Completed
ORD000342,2024-10-14,CUST0023,Mouse,10,206.03,West,Pending
ORD000343,2024-05-30,CUST0018,Laptop,8,309.98,South,Completed
ORD000344,2024-05-17,CUST0056,Charger,4,201.12,North,Pending
ORD000345,2024-01-17,CUST0033,Keyboard,6,221.93,South,Cancelled
ORD000346,2024-07-16,CUST0059,Mouse,4,31.53,North,Completed
ORD000347,2024-03-29,CUST0011,Monitor,9,207.87,North,Pending
ORD000348,2024-10-09,CUST0069,Monitor,9,499.4,West,Cancelled
ORD000349,2024-02-27,CUST0080,USB Cable,9,278.92,West,Pending
ORD000350,2024-07-29,,Headphones,3,152.16,East,Pending
ORD000351,2024-09-12,CUST0048,Mouse,6,129.9,West,Pending
ORD000352,2024-08-31,CUST0014,Webcam,4,342.56,North,Pending
ORD000353,2024-05-18,CUST0056,Mouse,2,57.43,West,Completed
ORD000354,2024-10-03,CUST0084,Headphones,1,253.58,North,Cancelled
ORD000355,2024-01-27,CUST0089,Charger,5,318.92,East,Completed
ORD000356,2024-03-13,CUST0036,Keyboard,10,329.14,North,Pending
ORD000357,2024-05-26,CUST0021,Monitor,3,363.69,South,Completed
ORD000358,2024-06-11,CUST0099,Charger,3,363.8,South,Completed
ORD000359,2024-04-20,CUST0047,Charger,10,348.32,South,Completed
ORD000360,2024-08-06,CUST0034,Mouse,4,273.35,West,Completed
ORD000361,2024-06-20,CUST0065,Keyboard,4,431.5,North,Completed
ORD000362,2024-08-26,CUST0007,Mouse,6,206.89,North,Cancelled
ORD000363,2024-09-18,CUST0045,Mouse,3,379.18,West,Completed
ORD000364,2024-02-13,CUST0035,Webcam,4,366.06,South,Completed
ORD000365,2024-09-23,CUST0044,Mouse,6,31.88,North,Completed
ORD000366,2024-09-24,CUST0006,Laptop,9,96.41,East,Completed
ORD000367,2024-03-20,CUST0002,Headphones,1,105.56,South,Cancelled
ORD000368,2024-07-28,CUST0073,Monitor,10,267.4,East,Completed
ORD000369,2024-07-20,CUST0069,Monitor,2,285.17,West,Completed
ORD000370,2024-02-22,CUST0026,Webcam,7,372.17,East,Cancelled
ORD000371,2024-09-17,CUST0023,Headphones,4,423.67,West,Cancelled
ORD000372,2024-02-18,CUST0034,USB Cable,3,96.62,North,Completed
ORD000373,2024-09-06,CUST0002,Charger,6,285.32,East,Completed
ORD000374,2024-04-25,CUST0016,Keyboard,5,275.7,West,Completed
ORD000375,2024-10-14,CUST0045,Charger,3,163.08,South,Completed
ORD000376,2024-02-06,CUST0069,Keyboard,9,144.78,North,Completed
ORD000377,2024-08-02,CUST0038,Monitor,9,432.9,South,Completed
ORD000378,2024-09-28,CUST0082,Mouse,4,281.25,North,Completed
ORD000379,2024-02-24,CUST0093,Webcam,5,26.12,South,Completed
ORD000380,2024-09-11,CUST0089,Mouse,7,306.84,West,Completed
ORD000381,2024-07-21,CUST0017,Headphones,2,189.0,North,Cancelled
ORD000382,2024-03-08,CUST0076,Monitor,3,177.61,West,Completed
ORD000383,2024-09-17,CUST0002,Monitor,1,444.58,North,Completed
ORD000384,2024-04-25,CUST0044,Monitor,6,394.56,South,Cancelled
ORD000385,2024-08-18,CUST0036,Webcam,3,56.2,South,Cancelled
ORD000386,2024-05-16,CUST0073,Mouse,6,272.88,East,Cancelled
ORD000387,2024-09-11,CUST0024,Monitor,10,199.8,North,Pending
ORD000388,2024-04-16,CUST0096,Keyboard,4,248.42,South,Completed
ORD000389,2024-08-11,CUST0042,Mouse,8,42.28,North,Pending
ORD000390,2024-07-03,CUST0058,Headphones,10,459.12,West,Completed
ORD000391,2024-05-16,CUST0077,Webcam,9,311.19,East,Completed
ORD000392,2024-01-18,CUST0087,Charger,1,180.65,East,Completed
ORD000393,2024-01-29,CUST0070,Webcam,9,366.37,West,Completed
ORD000394,2024-08-24,CUST0041,USB Cable,1,469.97,South,Completed
ORD000395,2024-10-12,CUST0046,Monitor,7,365.5,North,Pending
ORD000396,2024-07-16,CUST0017,Laptop,10,350.64,West,Pending
ORD000397,2024-03-17,CUST0006,Charger,1,105.75,South,Completed
ORD000398,2024-04-07,CUST0025,Headphones,6,183.16,North,Completed
ORD000399,2024-03-30,CUST0063,Laptop,9,110.39,East,Completed
ORD000400,2024-04-15,,Mouse,6,-10.0,South,Cancelled
ORD000401,2024-08-14,CUST0044,Headphones,8,383.67,North,Pending
ORD000402,2024-03-30,CUST0017,Headphones,5,77.65,South,Pending
ORD000403,2024-05-20,CUST0072,Monitor,8,141.77,East,Cancelled
ORD000404,2024-03-28,CUST0027,Mouse,2,169.49,East,Completed
ORD000405,2024-03-19,CUST0019,Charger,5,491.06,East,Completed
ORD000406,2024-08-13,CUST0085,Webcam,5,222.64,West,Completed
ORD000407,2024-05-17,CUST0071,USB Cable,3,69.65,North,Completed
ORD000408,2024-01-04,CUST0086,Webcam,1,44.0,North,Completed
ORD000409,2024-09-16,CUST0019,USB Cable,8,381.38,North,Completed
ORD000410,2024-06-26,CUST0076,Headphones,3,36.02,West,Completed
ORD000411,2024-10-22,CUST0069,Charger,1,380.11,North,Cancelled
ORD000412,2024-05-10,CUST0051,Charger,1,169.54,South,Cancelled
ORD000413,2024-03-14,CUST0076,Monitor,4,75.83,South,Completed
ORD000414,2024-06-09,CUST0074,Headphones,3,484.3,West,Pending
ORD000415,2024-03-15,CUST0096,USB Cable,8,145.33,West,Completed
ORD000416,2024-08-15,CUST0079,Mouse,6,472.21,West,Completed
ORD000417,2024-03-30,CUST0020,Laptop,10,83.13,South,Cancelled
ORD000418,2024-08-12,CUST0042,Charger,6,172.1,West,Cancelled
ORD000419,2024-09-19,CUST0040,Laptop,3,93.97,South,Cancelled
ORD000420,2024-01-19,CUST0034,Monitor,3,416.16,South,Completed
ORD000421,2024-02-02,CUST0029,Charger,8,58.28,South,Cancelled
ORD000422,2024-01-26,CUST0032,Headphones,3,362.81,East,Completed
ORD000423,2024-02-03,CUST0062,Webcam,9,464.6,North,Completed
ORD000424,2024-07-30,CUST0096,Keyboard,4,320.68,West,Cancelled
ORD000425,2024-02-27,CUST0056,USB Cable,5,166.21,East,Completed
ORD000426,2024-09-23,CUST0091,Charger,3,220.99,North,Completed
ORD000427,2024-03-03,CUST0061,Headphones,2,148.08,North,Completed
ORD000428,2024-05-06,CUST0058,Webcam,8,146.69,South,Pending
ORD000429,2024-05-26,CUST0084,Keyboard,6,213.43,East,Completed
ORD000430,2024-09-07,CUST0047,Monitor,9,98.81,South,Completed
ORD000431,2024-03-24,CUST0028,Laptop,9,32.56,North,Completed
ORD000432,2024-03-24,CUST0092,Keyboard,4,232.41,East,Completed
ORD000433,2024-03-03,CUST0097,Webcam,4,429.06,East,Completed
ORD000434,2024-09-23,CUST0038,Headphones,10,390.78,East,Pending
ORD000435,2024-03-08,CUST0080,Charger,9,422.46,East,Completed
ORD000436,2024-05-03,CUST0018,Monitor,4,378.67,East,Completed
ORD000437,2024-01-24,CUST0073,USB Cable,2,369.08,East,Completed
ORD000438,2024-08-24,CUST0082,USB Cable,7,196.51,North,Pending
ORD000439,2024-10-01,CUST0025,Laptop,5,230.15,East,Completed
ORD000440,2024-05-02,CUST0074,Mouse,9,126.63,South,Completed
ORD000441,2024-05-14,CUST0075,Webcam,5,446.75,North,Cancelled
ORD000442,2024-04-12,CUST0089,USB Cable,10,120.21,West,Cancelled
ORD000443,2024-07-21,CUST0091,Mouse,4,471.76,South,Cancelled
ORD000444,2024-07-07,CUST0091,Charger,10,427.02,North,Completed
ORD000445,2024-01-02,CUST0042,Webcam,7,71.27,West,Completed
ORD000446,2024-08-06,CUST0077,Laptop,7,350.05,West,Completed
ORD000447,2024-04-02,CUST0070,USB Cable,6,212.11,East,Pending
ORD000448,2024-06-09,CUST0030,Headphones,6,68.73,West,Pending
ORD000449,2024-08-10,CUST0036,Laptop,6,229.27,West,Completed
ORD000450,2024-01-13,,Webcam,3,437.44,East,Completed
ORD000451,2024-01-02,CUST0075,USB Cable,1,439.32,South,Completed
ORD000452,2024-01-23,CUST0033,Laptop,2,235.24,East,Cancelled
ORD000453,2024-06-07,CUST0095,Laptop,3,58.61,North,Completed
ORD000454,2024-03-10,CUST0011,Headphones,6,15.19,North,Pending
ORD000455,2024-01-29,CUST0032,Laptop,7,216.78,North,Completed
ORD000456,2024-09-06,CUST0042,Webcam,8,52.91,East,Completed
ORD000457,2024-10-11,CUST0015,Charger,10,345.14,North,Completed
ORD000458,2024-04-01,CUST0051,Headphones,1,499.44,South,Pending
ORD000459,2024-05-02,CUST0066,Charger,2,288.62,East,Completed
ORD000460,2024-09-09,CUST0094,Webcam,6,361.05,East,Cancelled
ORD000461,2024-03-29,CUST0067,Mouse,8,54.56,South,Pending
ORD000462,2024-06-01,CUST0005,Laptop,3,113.82,South,Pending
ORD000463,2024-10-13,CUST0036,Webcam,9,112.46,North,Pending
ORD000464,2024-06-02,CUST0077,Laptop,9,209.26,South,Completed
ORD000465,2024-05-27,CUST0005,Mouse,7,88.82,South,Cancelled
ORD000466,2024-05-29,CUST0034,Mouse,6,152.57,East,Completed
ORD000467,2024-04-30,CUST0048,USB Cable,7,191.7,East,Pending
ORD000468,2024-07-18,CUST0054,Monitor,3,361.62,East,Completed
ORD000469,2024-03-17,CUST0043,Charger,10,13.89,South,Pending
ORD000470,2024-03-26,CUST0063,Webcam,7,160.17,South,Pending
ORD000471,2024-02-26,CUST0098,Headphones,3,332.42,South,Completed
ORD000472,2024-03-18,CUST0030,Mouse,6,433.46,East,Cancelled
ORD000473,2024-04-24,CUST0028,Keyboard,4,27.94,East,Cancelled
ORD000474,2024-05-05,CUST0005,Monitor,5,169.09,East,Pending
ORD000475,2024-06-06,CUST0063,Charger,6,100.5,North,Cancelled
ORD000476,2024-07-17,CUST0052,Laptop,4,172.3,West,Completed
ORD000477,2024-01-18,CUST0062,Keyboard,4,421.68,North,Cancelled
ORD000478,2024-09-12,CUST0072,USB Cable,9,68.43,East,Cancelled
ORD000479,2024-10-02,CUST0083,Charger,6,424.14,South,Completed
ORD000480,2024-09-10,CUST0053,Laptop,8,313.61,South,Completed
ORD000481,2024-07-21,CUST0049,Charger,8,238.89,East,Completed
ORD000482,2024-01-02,CUST0018,Laptop,1,56.62,East,Completed
ORD000483,2024-03-10,CUST0091,Webcam,1,469.31,East,Completed
ORD000484,2024-09-03,CUST0034,Keyboard,9,465.49,East,Completed
ORD000485,2024-01-10,CUST0023,Charger,2,149.64,East,Completed
ORD000486,2024-02-03,CUST0011,Mouse,2,246.18,West,Completed
ORD000487,2024-10-16,CUST0047,Headphones,7,385.14,South,Completed
ORD000488,2024-06-20,CUST0024,Webcam,5,11.05,East,Cancelled
ORD000489,2024-09-06,CUST0001,Monitor,7,377.82,West,Pending
ORD000490,2024-04-24,CUST0091,USB Cable,10,204.21,North,Completed
ORD000491,2024-04-10,CUST0086,Monitor,2,65.23,West,Cancelled
ORD000492,2024-08-27,CUST0092,USB Cable,8,54.44,North,Completed
ORD000493,2024-10-27,CUST0020,Monitor,9,305.54,East,Pending
ORD000494,2024-06-28,CUST0053,Charger,3,79.57,West,Cancelled
ORD000495,2024-08-31,CUST0074,Charger,6,45.03,South,Completed
ORD000496,2024-04-08,CUST0037,Headphones,7,432.26,North,Pending
ORD000497,2024-07-30,CUST0061,Laptop,1,252.07,West,Pending
ORD000498,2024-08-23,CUST0038,Keyboard,10,148.54,West,Completed
ORD000499,2024-05-12,CUST0004,Mouse,1,200.94,West,Completed
ORD000500,2024-06-21,,Keyboard,4,-10.0,South,Completed
ORD000501,2024-09-06,CUST0025,Monitor,7,123.95,West,Completed
ORD000502,2024-02-17,CUST0060,USB Cable,8,304.55,East,Completed
ORD000503,2024-10-24,CUST0069,Keyboard,6,320.08,South,Cancelled
ORD000504,2024-03-01,CUST0027,Laptop,3,237.43,South,Completed
ORD000505,2024-03-29,CUST0007,Laptop,5,243.0,North,Completed
ORD000506,2024-04-27,CUST0012,USB Cable,4,389.25,East,Cancelled
ORD000507,2024-01-18,CUST0036,Headphones,6,76.39,South,Completed
ORD000508,2024-06-17,CUST0063,Mouse,7,372.62,North,Completed
ORD000509,2024-01-08,CUST0043,Charger,10,278.47,East,Completed
ORD000510,2024-01-02,CUST0045,Laptop,6,387.56,West,Completed
ORD000511,2024-01-12,CUST0010,Keyboard,6,483.23,East,Completed
ORD000512,2024-01-09,CUST0036,Charger,3,486.54,East,Completed
ORD000513,2024-09-11,CUST0063,Headphones,7,108.62,North,Pending
ORD000514,2024-01-04,CUST0033,Webcam,9,488.38,East,Cancelled
ORD000515,2024-10-07,CUST0058,Mouse,6,87.8,East,Completed
ORD000516,2024-09-09,CUST0080,Charger,7,286.95,South,Cancelled
ORD000517,2024-06-09,CUST0013,Webcam,4,159.91,West,Cancelled
ORD000518,2024-10-04,CUST0061,Webcam,1,415.64,East,Completed
ORD000519,2024-08-11,CUST0011,Webcam,5,436.03,North,Completed
ORD000520,2024-05-10,CUST0086,Laptop,5,26.27,North,Completed
ORD000521,2024-05-06,CUST0073,Charger,8,46.51,North,Pending
ORD000522,2024-05-12,CUST0075,Headphones,4,140.55,South,Completed
ORD000523,2024-08-28,CUST0035,USB Cable,6,80.59,North,Pending
ORD000524,2024-06-17,CUST0044,Keyboard,5,363.44,South,Pending
ORD000525,2024-03-21,CUST0094,Laptop,3,277.71,West,Completed
ORD000526,2024-04-04,CUST0023,Webcam,3,340.83,West,Pending
ORD000527,2024-10-25,CUST0040,Mouse,1,462.46,West,Completed
ORD000528,2024-02-24,CUST0027,Laptop,10,347.89,North,Cancelled
ORD000529,2024-06-14,CUST0058,Webcam,3,235.14,East,Pending
ORD000530,2024-02-09,CUST0075,Headphones,3,17.67,West,Completed
ORD000531,2024-05-31,CUST0074,Charger,4,435.34,South,Pending
ORD000532,2024-06-29,CUST0002,Charger,4,489.87,South,Completed
ORD000533,2024-05-19,CUST0026,Keyboard,10,211.39,North,Cancelled
ORD000534,2024-02-06,CUST0082,Charger,7,269.36,West,Completed
ORD000535,2024-02-18,CUST0007,USB Cable,1,492.02,North,Pending
ORD000536,2024-01-16,CUST0023,Monitor,1,246.81,West,Completed
ORD000537,2024-07-23,CUST0033,Monitor,2,460.18,East,Cancelled
ORD000538,2024-03-12,CUST0093,Charger,5,200.82,South,Completed
ORD000539,2024-02-24,CUST0081,Keyboard,2,137.93,East,Cancelled
ORD000540,2024-10-24,CUST0008,Mouse,5,236.58,North,Cancelled
ORD000541,2024-08-17,CUST0082,USB Cable,7,335.67,West,Completed
ORD000542,2024-03-13,CUST0036,Keyboard,10,193.61,West,Pending
ORD000543,2024-10-13,CUST0034,Webcam,10,131.43,South,Cancelled
ORD000544,2024-07-20,CUST0068,Laptop,10,371.56,East,Pending
ORD000545,2024-06-15,CUST0014,Webcam,9,119.71,South,Completed
ORD000546,2024-02-09,CUST0073,Laptop,10,28.21,West,Pending
ORD000547,2024-09-15,CUST0098,Charger,4,426.05,West,Completed
ORD000548,2024-01-20,CUST0038,Monitor,4,84.95,East,Completed
ORD000549,2024-02-03,CUST0051,Mouse,8,362.59,North,Completed
ORD000550,2024-03-30,,Monitor,1,455.02,West,Completed
ORD000551,2024-02-12,CUST0095,Keyboard,3,370.45,North,Completed
ORD000552,2024-10-10,CUST0075,Laptop,2,426.22,South,Completed
ORD000553,2024-08-21,CUST0099,Charger,8,450.04,South,Pending
ORD000554,2024-05-13,CUST0007,Webcam,3,86.98,West,Pending
ORD000555,2024-04-02,CUST0033,Keyboard,4,458.23,South,Completed
ORD000556,2024-10-05,CUST0049,Charger,3,129.18,North,Completed
ORD000557,2024-08-16,CUST0100,Webcam,7,189.92,West,Completed
ORD000558,2024-07-21,CUST0064,Keyboard,8,345.67,East,Completed
ORD000559,2024-06-28,CUST0003,Charger,5,82.47,South,Pending
ORD000560,2024-01-10,CUST0025,USB Cable,2,38.81,North,Completed
ORD000561,2024-04-15,CUST0031,Mouse,3,194.24,North,Completed
ORD000562,2024-09-07,CUST0048,USB Cable,2,396.0,South,Cancelled
ORD000563,2024-04-04,CUST0032,Headphones,7,360.43,East,Completed
ORD000564,2024-08-30,CUST0083,Laptop,10,467.52,South,Pending
ORD000565,2024-10-13,CUST0070,Webcam,4,122.48,North,Completed
ORD000566,2024-08-20,CUST0007,Headphones,2,412.55,South,Completed
ORD000567,2024-04-15,CUST0053,Charger,7,420.7,West,Cancelled
ORD000568,2024-04-02,CUST0097,Keyboard,4,436.72,East,Completed
ORD000569,2024-04-11,CUST0070,Webcam,4,473.41,West,Cancelled
ORD000570,2024-09-08,CUST0064,Mouse,7,428.8,West,Completed
ORD000571,2024-09-04,CUST0077,Headphones,10,222.13,North,Pending
ORD000572,2024-04-17,CUST0068,Monitor,5,288.53,East,Completed
ORD000573,2024-03-03,CUST0056,Headphones,2,125.94,West,Completed
ORD000574,2024-09-16,CUST0027,Headphones,5,413.47,South,Completed
ORD000575,2024-04-03,CUST0072,Webcam,1,267.09,West,Pending
ORD000576,2024-06-30,CUST0022,Mouse,3,84.36,North,Completed
ORD000577,2024-10-11,CUST0042,Laptop,5,356.6,East,Cancelled
ORD000578,2024-01-22,CUST0033,Charger,1,32.43,West,Completed
ORD000579,2024-06-03,CUST0002,USB Cable,6,78.29,East,Completed
ORD000580,2024-06-19,CUST0032,Charger,7,57.23,West,Completed
ORD000581,2024-04-03,CUST0080,Mouse,8,49.65,West,Completed
ORD000582,2024-09-05,CUST0025,Monitor,7,205.11,North,Cancelled
ORD000583,2024-09-01,CUST0075,USB Cable,5,234.63,South,Completed
ORD000584,2024-09-09,CUST0026,USB Cable,3,491.87,West,Cancelled
ORD000585,2024-08-18,CUST0067,Keyboard,2,121.44,West,Completed
ORD000586,2024-08-11,CUST0090,USB Cable,1,107.67,South,Completed
ORD000587,2024-10-07,CUST0050,Charger,1,330.34,South,Completed
ORD000588,2024-05-27,CUST0099,Keyboard,5,286.2,North,Cancelled
ORD000589,2024-01-28,CUST0051,Webcam,8,137.63,West,Completed
ORD000590,2024-08-16,CUST0047,Headphones,3,41.22,West,Pending
ORD000591,2024-02-12,CUST0083,Keyboard,3,431.51,West,Cancelled
ORD000592,2024-01-10,CUST0004,Headphones,10,328.29,North,Pending
ORD000593,2024-06-11,CUST0051,USB Cable,7,367.65,East,Cancelled
ORD000594,2024-02-28,CUST0075,Keyboard,4,79.19,West,Completed
ORD000595,2024-07-25,CUST0084,Keyboard,10,320.62,South,Cancelled
ORD000596,2024-09-04,CUST0079,Webcam,2,59.77,East,Completed
ORD000597,2024-06-28,CUST0088,Monitor,2,237.21,West,Completed
ORD000598,2024-05-19,CUST0033,USB Cable,8,441.62,South,Completed
ORD000599,2024-01-14,CUST0037,Monitor,6,310.12,East,Completed
ORD000600,2024-08-24,,Headphones,2,-10.0,East,Completed
ORD000601,2024-05-13,CUST0049,Charger,6,297.83,East,Pending
ORD000602,2024-07-09,CUST0099,Mouse,10,250.04,North,Completed
ORD000603,2024-02-05,CUST0054,Webcam,3,365.12,West,Cancelled
ORD000604,2024-04-14,CUST0016,Charger,8,391.66,West,Completed
ORD000605,2024-06-27,CUST0052,Keyboard,10,102.99,South,Completed
ORD000606,2024-07-10,CUST0063,Headphones,10,280.06,East,Pending
ORD000607,2024-02-20,CUST0024,Mouse,3,321.51,West,Completed
ORD000608,2024-05-21,CUST0060,USB Cable,5,137.93,East,Completed
ORD000609,2024-05-08,CUST0053,Charger,3,25.41,West,Cancelled
ORD000610,2024-09-29,CUST0072,USB Cable,10,215.9,West,Pending
ORD000611,2024-08-06,CUST0052,USB Cable,3,361.37,South,Completed
ORD000612,2024-09-27,CUST0081,Laptop,9,462.66,East,Completed
ORD000613,2024-01-26,CUST0006,Headphones,6,428.07,West,Cancelled
ORD000614,2024-06-07,CUST0040,Charger,10,147.19,North,Completed
ORD000615,2024-09-26,CUST0023,Headphones,2,330.4,North,Pending
ORD000616,2024-07-23,CUST0032,Charger,8,88.51,East,Cancelled
ORD000617,2024-01-14,CUST0053,Webcam,4,140.27,West,Completed
ORD000618,2024-09-24,CUST0090,Laptop,10,175.83,West,Completed
ORD000619,2024-01-22,CUST0059,Headphones,5,180.41,North,Completed
ORD000620,2024-09-29,CUST0025,Mouse,1,97.86,South,Cancelled
ORD000621,2024-04-08,CUST0086,Webcam,4,372.0,South,Pending
ORD000622,2024-03-11,CUST0009,Charger,8,404.38,North,Pending
ORD000623,2024-10-16,CUST0076,Webcam,5,210.9,East,Pending
ORD000624,2024-05-03,CUST0030,Webcam,6,157.3,East,Pending
ORD000625,2024-01-15,CUST0088,Mouse,10,22.96,North,Completed
ORD000626,2024-06-29,CUST0074,Headphones,5,474.37,West,Pending
ORD000627,2024-08-25,CUST0081,Mouse,5,161.52,South,Pending
ORD000628,2024-03-31,CUST0032,Charger,6,316.1,East,Completed
ORD000629,2024-07-24,CUST0007,Keyboard,3,56.13,West,Completed
ORD000630,2024-02-24,CUST0058,Laptop,8,403.09,South,Cancelled
ORD000631,2024-06-25,CUST0055,Mouse,6,486.54,West,Completed
ORD000632,2024-01-10,CUST0045,USB Cable,3,96.25,North,Completed
ORD000633,2024-02-28,CUST0001,Webcam,10,304.47,East,Cancelled
ORD000634,2024-06-12,CUST0063,Mouse,8,130.53,East,Pending
ORD000635,2024-05-30,CUST0085,Laptop,4,456.02,North,Pending
ORD000636,2024-06-28,CUST0082,Charger,4,123.31,North,Completed
ORD000637,2024-10-20,CUST0014,Charger,9,283.94,South,Completed
ORD000638,2024-07-30,CUST0029,Mouse,4,383.96,West,Completed
ORD000639,2024-04-06,CUST0019,Charger,4,318.16,West,Completed
ORD000640,2024-08-07,CUST0072,Webcam,4,407.76,West,Completed
ORD000641,2024-08-21,CUST0048,Mouse,8,317.49,South,Completed
ORD000642,2024-07-06,CUST0043,Charger,6,371.79,North,Completed
ORD000643,2024-02-08,CUST0004,Mouse,8,34.52,East,Completed
ORD000644,2024-03-04,CUST0098,Headphones,8,131.13,South,Completed
ORD000645,2024-05-23,CUST0096,Webcam,4,308.52,North,Completed
ORD000646,2024-06-22,CUST0056,Charger,2,469.12,South,Cancelled
ORD000647,2024-04-09,CUST0064,Charger,10,259.78,West,Cancelled
ORD000648,2024-04-16,CUST0014,Headphones,3,52.99,West,Pending
ORD000649,2024-10-06,CUST0083,Charger,8,360.09,South,Completed
ORD000650,2024-06-27,,Laptop,10,327.06,East,Completed
ORD000651,2024-09-12,CUST0004,Charger,9,425.53,North,Completed
ORD000652,2024-03-08,CUST0016,Laptop,5,134.04,North,Cancelled
ORD000653,2024-10-20,CUST0100,Keyboard,8,154.99,East,Cancelled
ORD000654,2024-07-28,CUST0081,Laptop,6,88.34,North,Completed
ORD000655,2024-04-07,CUST0028,Charger,3,414.55,South,Completed
ORD000656,2024-03-11,CUST0008,USB Cable,5,146.8,North,Completed
ORD000657,2024-03-22,CUST0095,USB Cable,9,180.56,East,Pending
ORD000658,2024-09-07,CUST0100,Laptop,3,492.06,South,Completed
ORD000659,2024-04-28,CUST0018,USB Cable,4,377.38,North,Cancelled
ORD000660,2024-10-05,CUST0082,Webcam,8,373.31,North,Completed
ORD000661,2024-06-04,CUST0088,Laptop,8,121.4,West,Completed
ORD000662,2024-09-17,CUST0078,Webcam,4,79.69,East,Completed
ORD000663,2024-04-11,CUST0027,Webcam,8,57.48,West,Completed
ORD000664,2024-01-27,CUST0022,Headphones,8,346.66,South,Completed
ORD000665,2024-10-15,CUST0023,Monitor,6,428.13,West,Cancelled
ORD000666,2024-03-06,CUST0022,Headphones,7,22.21,East,Pending
ORD000667,2024-01-05,CUST0095,Keyboard,9,231.37,North,Pending
ORD000668,2024-10-08,CUST0081,Webcam,5,117.5,North,Completed
ORD000669,2024-07-12,CUST0091,Headphones,4,319.45,South,Completed
ORD000670,2024-05-13,CUST0087,USB Cable,2,174.7,North,Completed
ORD000671,2024-10-27,CUST0018,Headphones,8,368.92,South,Completed
ORD000672,2024-02-10,CUST0014,USB Cable,6,428.25,East,Cancelled
ORD000673,2024-10-16,CUST0028,Laptop,4,407.11,East,Cancelled
ORD000674,2024-06-13,CUST0067,USB Cable,4,31.46,South,Pending
ORD000675,2024-10-19,CUST0054,Mouse,9,327.1,North,Cancelled
ORD000676,2024-02-24,CUST0027,Charger,3,232.27,West,Cancelled
ORD000677,2024-01-18,CUST0100,Monitor,5,465.45,West,Completed
ORD000678,2024-07-10,CUST0071,Mouse,1,24.94,West,Completed
ORD000679,2024-08-30,CUST0099,Webcam,7,444.44,West,Completed
ORD000680,2024-02-06,CUST0056,Monitor,10,388.42,South,Pending
ORD000681,2024-08-16,CUST0061,Mouse,9,150.81,North,Completed
ORD000682,2024-03-17,CUST0021,Mouse,6,213.48,South,Completed
ORD000683,2024-02-18,CUST0099,Webcam,9,266.7,North,Completed
ORD000684,2024-08-18,CUST0016,Mouse,5,146.98,South,Pending
ORD000685,2024-04-04,CUST0082,Webcam,9,200.92,West,Pending
ORD000686,2024-01-17,CUST0022,Charger,7,193.72,South,Pending
ORD000687,2024-02-03,CUST0060,Laptop,9,200.72,East,Cancelled
ORD000688,2024-08-11,CUST0095,Laptop,7,298.1,South,Cancelled
ORD000689,2024-05-16,CUST0048,Headphones,7,196.51,South,Completed
ORD000690,2024-04-08,CUST0071,Keyboard,5,495.27,East,Cancelled
ORD000691,2024-10-02,CUST0009,USB Cable,1,42.54,North,Completed
ORD000692,2024-05-22,CUST0031,Laptop,9,327.66,East,Completed
ORD000693,2024-06-02,CUST0009,Monitor,5,256.24,North,Cancelled
ORD000694,2024-09-09,CUST0035,Laptop,5,224.73,North,Completed
ORD000695,2024-07-27,CUST0039,Keyboard,1,364.67,South,Pending
ORD000696,2024-08-29,CUST0015,Laptop,10,368.89,South,Completed
ORD000697,2024-10-14,CUST0068,Mouse,6,458.33,North,Completed
ORD000698,2024-02-04,CUST0008,Keyboard,2,242.66,East,Completed
ORD000699,2024-02-21,CUST0068,Keyboard,7,140.92,West,Completed
ORD000700,2024-04-07,,Monitor,6,-10.0,West,Completed
ORD000701,2024-08-01,CUST0039,Webcam,6,412.25,West,Completed
ORD000702,2024-02-17,CUST0054,Laptop,10,198.55,South,Completed
ORD000703,2024-09-23,CUST0074,Keyboard,5,139.79,West,Completed
ORD000704,2024-02-13,CUST0049,USB Cable,6,245.19,North,Completed
ORD000705,2024-08-23,CUST0003,Keyboard,2,217.35,East,Completed
ORD000706,2024-04-23,CUST0057,Headphones,2,241.35,West,Cancelled
ORD000707,2024-06-09,CUST0020,Charger,3,88.96,East,Completed
ORD000708,2024-08-05,CUST0076,Webcam,9,82.0,South,Cancelled
ORD000709,2024-04-02,CUST0025,Monitor,7,388.23,North,Completed
ORD000710,2024-02-22,CUST0049,Laptop,1,357.21,East,Completed
ORD000711,2024-05-09,CUST0010,Headphones,9,176.69,West,Completed
ORD000712,2024-10-25,CUST0084,USB Cable,5,368.65,North,Cancelled
ORD000713,2024-07-13,CUST0038,Monitor,4,145.75,South,Completed
ORD000714,2024-07-26,CUST0053,Headphones,3,439.89,East,Completed
ORD000715,2024-01-28,CUST0095,Laptop,2,312.62,North,Completed
ORD000716,2024-01-12,CUST0023,Webcam,1,179.48,South,Completed
ORD000717,2024-05-15,CUST0042,Headphones,7,179.02,South,Completed
ORD000718,2024-02-06,CUST0053,Charger,7,447.94,North,Completed
ORD000719,2024-03-05,CUST0015,USB Cable,10,214.5,South,Cancelled
ORD000720,2024-07-20,CUST0054,Keyboard,8,161.73,East,Completed
ORD000721,2024-05-09,CUST0036,Monitor,8,291.48,West,Completed
ORD000722,2024-04-04,CUST0027,Laptop,8,66.89,North,Cancelled
ORD000723,2024-05-26,CUST0008,Charger,10,234.64,West,Completed
ORD000724,2024-03-10,CUST0001,Charger,8,385.43,South,Pending
ORD000725,2024-06-01,CUST0005,Laptop,5,276.44,East,Completed
ORD000726,2024-01-22,CUST0038,USB Cable,7,334.98,East,Cancelled
ORD000727,2024-10-22,CUST0033,Headphones,3,406.68,East,Pending
ORD000728,2024-02-26,CUST0044,Mouse,6,74.25,South,Completed
ORD000729,2024-05-23,CUST0089,Laptop,9,366.36,South,Completed
ORD000730,2024-02-19,CUST0068,Webcam,6,114.33,North,Completed
ORD000731,2024-03-29,CUST0051,Webcam,3,120.03,North,Completed
ORD000732,2024-02-13,CUST0086,USB Cable,1,12.73,South,Pending
ORD000733,2024-09-19,CUST0067,Monitor,4,78.67,North,Completed
ORD000734,2024-10-21,CUST0021,Keyboard,6,355.02,West,Completed
ORD000735,2024-09-10,CUST0027,Webcam,3,451.84,South,Pending
ORD000736,2024-01-12,CUST0099,Headphones,7,489.81,East,Cancelled
ORD000737,2024-02-29,CUST0094,Mouse,8,229.51,South,Completed
ORD000738,2024-03-12,CUST0007,Monitor,3,316.01,West,Pending
ORD000739,2024-06-18,CUST0100,Monitor,4,39.89,South,Completed
ORD000740,2024-10-01,CUST0091,USB Cable,5,242.29,North,Completed
ORD000741,2024-01-18,CUST0011,Laptop,6,117.98,West,Completed
ORD000742,2024-06-12,CUST0095,Keyboard,5,381.01,East,Completed
ORD000743,2024-07-23,CUST0093,Laptop,4,411.3,South,Cancelled
ORD000744,2024-05-08,CUST0080,Mouse,10,489.81,South,Cancelled
ORD000745,2024-03-03,CUST0024,Headphones,2,372.47,West,Completed
ORD000746,2024-08-03,CUST0087,Mouse,10,108.4,South,Completed
ORD000747,2024-06-11,CUST0079,Monitor,3,370.9,South,Completed
ORD000748,2024-01-26,CUST0084,USB Cable,3,98.04,East,Completed
ORD000749,2024-04-17,CUST0019,Keyboard,1,398.16,South,Completed
ORD000750,2024-09-24,,Keyboard,5,93.61,West,Pending
ORD000751,2024-07-17,CUST0090,Headphones,1,218.02,North,Pending
ORD000752,2024-09-20,CUST0064,Monitor,8,13.31,East,Completed
ORD000753,2024-08-14,CUST0099,Keyboard,10,57.23,North,Completed
ORD000754,2024-10-10,CUST0029,Headphones,9,343.29,North,Completed
ORD000755,2024-10-15,CUST0068,Charger,5,82.43,North,Pending
ORD000756,2024-03-31,CUST0011,USB Cable,6,334.28,West,Completed
ORD000757,2024-03-30,CUST0079,Laptop,9,472.98,East,Completed
ORD000758,2024-10-06,CUST0089,Headphones,4,361.64,South,Completed
ORD000759,2024-04-19,CUST0053,Laptop,4,226.57,East,Pending
ORD000760,2024-07-20,CUST0005,Headphones,5,440.21,West,Completed
ORD000761,2024-05-25,CUST0090,Headphones,6,160.86,East,Pending
ORD000762,2024-07-04,CUST0063,Keyboard,6,379.41,North,Cancelled
ORD000763,2024-07-18,CUST0075,Mouse,6,457.07,South,Completed
ORD000764,2024-10-27,CUST0060,Monitor,4,474.87,East,Completed
ORD000765,2024-06-05,CUST0038,Mouse,3,400.67,North,Cancelled
ORD000766,2024-07-01,CUST0096,Monitor,5,120.34,South,Completed
ORD000767,2024-06-19,CUST0078,Headphones,3,119.18,North,Pending
ORD000768,2024-02-10,CUST0001,Charger,6,426.89,South,Completed
ORD000769,2024-07-29,CUST0046,USB Cable,5,316.79,North,Pending
ORD000770,2024-09-18,CUST0066,Charger,10,457.65,West,Cancelled
ORD000771,2024-02-02,CUST0064,Webcam,5,165.96,West,Cancelled
ORD000772,2024-01-26,CUST0083,Laptop,9,52.97,North,Pending
ORD000773,2024-03-29,CUST0014,USB Cable,8,163.46,North,Cancelled
ORD000774,2024-06-26,CUST0018,Webcam,10,128.63,East,Completed
ORD000775,2024-03-05,CUST0089,Mouse,8,118.89,South,Completed
ORD000776,2024-10-06,CUST0055,Charger,10,208.94,South,Completed
ORD000777,2024-06-28,CUST0087,Keyboard,10,211.23,East,Pending
ORD000778,2024-08-13,CUST0007,Keyboard,5,89.9,South,Pending
ORD000779,2024-01-07,CUST0087,Webcam,5,395.26,North,Cancelled
ORD000780,2024-02-06,CUST0029,Charger,4,195.33,East,Completed
ORD000781,2024-08-06,CUST0067,Laptop,3,199.73,South,Pending
ORD000782,2024-06-04,CUST0005,Mouse,3,128.72,West,Completed
ORD000783,2024-03-14,CUST0069,Mouse,4,69.5,North,Completed
ORD000784,2024-10-04,CUST0014,Webcam,4,358.28,North,Completed
ORD000785,2024-04-27,CUST0014,USB Cable,9,463.68,East,Completed
ORD000786,2024-05-05,CUST0015,Webcam,10,127.33,South,Completed
ORD000787,2024-02-05,CUST0029,Webcam,9,389.39,East,Completed
ORD000788,2024-01-25,CUST0043,Mouse,10,367.6,North,Completed
ORD000789,2024-07-02,CUST0067,Keyboard,2,497.78,South,Cancelled
ORD000790,2024-03-13,CUST0025,Laptop,10,452.94,East,Pending
ORD000791,2024-06-16,CUST0054,Laptop,10,450.51,South,Completed
ORD000792,2024-05-02,CUST0065,USB Cable,4,216.57,South,Completed
ORD000793,2024-04-08,CUST0072,Mouse,5,415.29,East,Completed
ORD000794,2024-05-09,CUST0073,Mouse,1,368.82,North,Completed
ORD000795,2024-01-06,CUST0027,Mouse,4,470.92,East,Cancelled
ORD000796,2024-03-16,CUST0059,USB Cable,5,331.83,East,Completed
ORD000797,2024-04-25,CUST0021,Webcam,9,51.6,West,Cancelled
ORD000798,2024-04-28,CUST0076,USB Cable,7,496.37,North,Completed
ORD000799,2024-10-09,CUST0023,Laptop,4,360.98,South,Completed
ORD000800,2024-07-13,,Laptop,7,-10.0,North,Pending
ORD000801,2024-05-08,CUST0071,Charger,4,476.98,East,Completed
ORD000802,2024-08-08,CUST0026,Keyboard,8,397.86,North,Cancelled
ORD000803,2024-02-02,CUST0047,Laptop,6,468.62,South,Completed
ORD000804,2024-10-25,CUST0096,USB Cable,7,480.9,West,Completed
ORD000805,2024-01-21,CUST0095,Laptop,10,257.92,West,Pending
ORD000806,2024-04-25,CUST0001,Webcam,6,121.52,East,Completed
ORD000807,2024-04-20,CUST0074,Charger,7,226.78,West,Completed
ORD000808,2024-07-25,CUST0046,Mouse,8,83.45,West,Completed
ORD000809,2024-06-02,CUST0085,Laptop,2,258.03,South,Completed
ORD000810,2024-01-06,CUST0091,Headphones,3,73.08,North,Cancelled
ORD000811,2024-06-04,CUST0008,USB Cable,2,309.24,East,Completed
ORD000812,2024-03-08,CUST0030,Monitor,6,77.9,South,Completed
ORD000813,2024-08-12,CUST0094,Monitor,6,404.87,East,Completed
ORD000814,2024-10-27,CUST0097,Keyboard,2,93.38,South,Cancelled
ORD000815,2024-01-19,CUST0087,USB Cable,4,221.87,North,Pending
ORD000816,2024-02-13,CUST0039,Mouse,3,299.98,North,Cancelled
ORD000817,2024-05-29,CUST0100,USB Cable,6,96.05,South,Completed
ORD000818,2024-10-25,CUST0096,Monitor,3,157.61,East,Cancelled
ORD000819,2024-08-24,CUST0007,Laptop,1,12.57,East,Completed
ORD000820,2024-07-27,CUST0051,Laptop,2,162.9,South,Cancelled
ORD000821,2024-09-15,CUST0063,Keyboard,4,118.61,South,Completed
ORD000822,2024-10-22,CUST0034,Webcam,8,140.97,West,Completed
ORD000823,2024-07-08,CUST0062,Headphones,5,491.88,South,Completed
ORD000824,2024-01-19,CUST0007,Webcam,10,319.11,North,Completed
ORD000825,2024-01-07,CUST0060,Mouse,8,462.57,North,Cancelled
ORD000826,2024-04-21,CUST0070,Laptop,3,491.1,North,Completed
ORD000827,2024-03-23,CUST0067,Laptop,4,499.47,West,Completed
ORD000828,2024-03-31,CUST0048,Monitor,6,261.76,West,Completed
ORD000829,2024-01-12,CUST0024,Laptop,1,407.02,East,Cancelled
ORD000830,2024-09-04,CUST0073,Keyboard,3,133.89,South,Completed
ORD000831,2024-01-25,CUST0077,Keyboard,10,203.56,East,Pending
ORD000832,2024-06-25,CUST0012,Laptop,5,273.04,West,Cancelled
ORD000833,2024-03-14,CUST0006,Mouse,10,408.85,North,Completed
ORD000834,2024-08-03,CUST0010,Keyboard,10,209.47,South,Completed
ORD000835,2024-05-24,CUST0051,Headphones,2,18.51,East,Pending
ORD000836,2024-06-27,CUST0095,USB Cable,10,265.72,East,Pending
ORD000837,2024-01-07,CUST0086,Mouse,8,240.37,West,Completed
ORD000838,2024-03-26,CUST0008,Monitor,9,163.65,West,Cancelled
ORD000839,2024-04-06,CUST0008,Webcam,5,489.54,West,Completed
ORD000840,2024-09-12,CUST0043,Charger,8,41.99,East,Cancelled
ORD000841,2024-03-30,CUST0032,Webcam,4,33.46,North,Completed
ORD000842,2024-01-15,CUST0021,Laptop,6,238.68,East,Completed
ORD000843,2024-05-15,CUST0042,Headphones,1,20.1,South,Pending
ORD000844,2024-06-19,CUST0043,Headphones,8,283.16,West,Cancelled
ORD000845,2024-09-24,CUST0064,Mouse,5,11.24,West,Pending
ORD000846,2024-01-27,CUST0041,Keyboard,10,176.26,East,Pending
ORD000847,2024-04-05,CUST0077,Mouse,6,278.47,South,Completed
ORD000848,2024-05-02,CUST0039,Keyboard,9,422.49,East,Completed
ORD000849,2024-09-23,CUST0017,Mouse,7,208.88,South,Completed
ORD000850,2024-01-03,,Webcam,10,110.83,East,Pending
ORD000851,2024-08-21,CUST0052,Laptop,6,240.06,North,Pending
ORD000852,2024-09-26,CUST0096,Mouse,8,274.84,North,Completed
ORD000853,2024-06-28,CUST0073,Keyboard,2,16.54,North,Completed
ORD000854,2024-08-27,CUST0085,Webcam,2,440.15,West,Completed
ORD000855,2024-04-01,CUST0056,Charger,7,450.45,South,Cancelled
ORD000856,2024-05-04,CUST0052,Headphones,2,224.5,North,Cancelled
ORD000857,2024-04-27,CUST0005,Laptop,5,458.8,South,Completed
ORD000858,2024-08-31,CUST0026,Laptop,10,483.07,East,Pending
ORD000859,2024-10-14,CUST0024,Keyboard,6,144.61,East,Completed
ORD000860,2024-06-01,CUST0026,Webcam,6,41.58,East,Completed
ORD000861,2024-07-06,CUST0068,USB Cable,2,464.04,West,Completed
ORD000862,2024-01-14,CUST0076,Headphones,3,112.38,West,Completed
ORD000863,2024-06-22,CUST0049,Monitor,7,40.49,West,Cancelled
ORD000864,2024-05-04,CUST0018,Headphones,5,257.84,West,Completed
ORD000865,2024-09-07,CUST0008,Mouse,6,62.39,West,Completed
ORD000866,2024-03-14,CUST0074,USB Cable,7,142.74,West,Completed
ORD000867,2024-01-21,CUST0011,Headphones,5,221.17,North,Completed
ORD000868,2024-07-11,CUST0062,Webcam,10,383.77,North,Completed
ORD000869,2024-01-21,CUST0035,Charger,3,335.37,South,Pending
ORD000870,2024-05-17,CUST0076,Headphones,5,338.16,North,Cancelled
ORD000871,2024-04-05,CUST0064,Webcam,4,155.12,East,Completed
ORD000872,2024-08-04,CUST0002,Webcam,8,494.27,South,Pending
ORD000873,2024-08-13,CUST0082,Laptop,5,434.81,West,Cancelled
ORD000874,2024-06-27,CUST0088,USB Cable,8,40.95,South,Cancelled
ORD000875,2024-01-31,CUST0042,Webcam,4,133.14,South,Pending
ORD000876,2024-07-12,CUST0022,Webcam,3,285.2,West,Completed
ORD000877,2024-04-25,CUST0049,USB Cable,4,217.44,South,Completed
ORD000878,2024-07-30,CUST0090,Webcam,6,58.32,West,Pending
ORD000879,2024-03-28,CUST0011,Webcam,6,111.53,North,Pending
ORD000880,2024-02-13,CUST0090,Headphones,8,125.77,South,Pending
ORD000881,2024-05-24,CUST0065,Headphones,4,441.14,West,Completed
ORD000882,2024-10-19,CUST0053,Mouse,2,412.61,North,Cancelled
ORD000883,2024-03-04,CUST0084,Keyboard,9,271.49,North,Cancelled
ORD000884,2024-05-03,CUST0023,Keyboard,8,125.62,North,Completed
ORD000885,2024-02-14,CUST0045,Laptop,9,436.2,North,Cancelled
ORD000886,2024-10-21,CUST0090,Mouse,10,419.03,East,Pending
ORD000887,2024-08-20,CUST0002,Headphones,5,140.02,North,Completed
ORD000888,2024-02-20,CUST0044,Webcam,8,435.99,North,Completed
ORD000889,2024-04-08,CUST0041,Webcam,5,188.83,South,Cancelled
ORD000890,2024-06-27,CUST0089,Keyboard,4,430.47,East,Cancelled
ORD000891,2024-04-16,CUST0043,Monitor,8,199.32,North,Completed
ORD000892,2024-02-22,CUST0068,Monitor,1,480.3,East,Pending
ORD000893,2024-02-19,CUST0088,USB Cable,9,174.86,South,Pending
ORD000894,2024-09-13,CUST0093,USB Cable,4,361.06,South,Completed
ORD000895,2024-04-25,CUST0087,Keyboard,9,103.84,West,Completed
ORD000896,2024-04-23,CUST0023,Charger,10,265.23,North,Completed
ORD000897,2024-09-22,CUST0079,Keyboard,4,370.01,South,Completed
ORD000898,2024-08-27,CUST0032,Mouse,7,396.42,West,Completed
ORD000899,2024-10-19,CUST0015,Headphones,2,471.98,East,Pending
ORD000900,2024-09-17,,Headphones,1,-10.0,South,Pending
ORD000901,2024-04-09,CUST0033,Headphones,8,263.46,South,Completed
ORD000902,2024-05-13,CUST0054,USB Cable,7,281.54,West,Completed
ORD000903,2024-08-16,CUST0047,Keyboard,10,328.47,East,Completed
ORD000904,2024-08-09,CUST0020,Headphones,9,378.67,North,Completed
ORD000905,2024-04-18,CUST0017,Laptop,7,437.48,East,Pending
ORD000906,2024-08-26,CUST0035,Charger,6,228.36,East,Completed
ORD000907,2024-01-28,CUST0005,Laptop,2,241.04,West,Completed
ORD000908,2024-05-18,CUST0013,Monitor,9,471.71,East,Pending
ORD000909,2024-04-17,CUST0070,Headphones,1,113.43,East,Completed
ORD000910,2024-07-18,CUST0049,Charger,2,440.39,East,Completed
ORD000911,2024-08-24,CUST0049,USB Cable,8,171.65,North,Pending
ORD000912,2024-10-13,CUST0069,Charger,1,321.4,South,Completed
ORD000913,2024-08-04,CUST0089,Monitor,9,59.21,West,Pending
ORD000914,2024-06-14,CUST0051,Laptop,1,485.42,West,Cancelled
ORD000915,2024-09-16,CUST0096,Keyboard,1,347.88,East,Pending
ORD000916,2024-04-25,CUST0044,Mouse,1,371.33,South,Completed
ORD000917,2024-03-17,CUST0084,Keyboard,7,234.2,North,Cancelled
ORD000918,2024-01-27,CUST0091,Webcam,1,106.7,North,Completed
ORD000919,2024-08-22,CUST0045,Mouse,3,457.91,South,Pending
ORD000920,2024-06-15,CUST0097,Headphones,2,302.18,North,Completed
ORD000921,2024-07-19,CUST0031,Charger,1,485.67,East,Cancelled
ORD000922,2024-03-27,CUST0046,USB Cable,2,186.4,East,Completed
ORD000923,2024-01-10,CUST0049,USB Cable,1,125.54,West,Completed
ORD000924,2024-02-29,CUST0051,Laptop,3,106.58,East,Cancelled
ORD000925,2024-01-24,CUST0070,Monitor,1,254.18,East,Completed
ORD000926,2024-08-15,CUST0061,USB Cable,3,319.07,East,Pending
ORD000927,2024-06-08,CUST0057,Webcam,10,145.33,East,Pending
ORD000928,2024-04-05,CUST0014,Laptop,3,10.47,West,Completed
ORD000929,2024-10-19,CUST0029,Keyboard,7,366.57,East,Completed
ORD000930,2024-02-07,CUST0024,Monitor,10,183.95,West,Cancelled
ORD000931,2024-10-12,CUST0083,Laptop,3,42.89,North,Pending
ORD000932,2024-04-21,CUST0014,USB Cable,3,251.42,South,Cancelled
ORD000933,2024-04-19,CUST0042,Laptop,5,225.54,East,Pending
ORD000934,2024-08-14,CUST0063,Monitor,10,88.83,South,Pending
ORD000935,2024-03-20,CUST0033,Keyboard,3,176.48,East,Completed
ORD000936,2024-09-22,CUST0066,Webcam,5,141.09,East,Cancelled
ORD000937,2024-03-25,CUST0006,Mouse,3,366.83,East,Completed
ORD000938,2024-09-02,CUST0042,Webcam,9,282.45,West,Pending
ORD000939,2024-02-16,CUST0012,Keyboard,4,484.74,South,Completed
ORD000940,2024-08-23,CUST0053,Laptop,5,369.1,North,Pending
ORD000941,2024-06-01,CUST0051,USB Cable,8,241.57,North,Cancelled
ORD000942,2024-06-07,CUST0041,Webcam,8,425.15,South,Completed
ORD000943,2024-07-24,CUST0049,Monitor,2,103.62,East,Completed
ORD000944,2024-04-18,CUST0054,Charger,5,432.34,West,Completed
ORD000945,2024-10-19,CUST0055,Webcam,7,166.66,West,Completed
ORD000946,2024-05-03,CUST0038,Webcam,5,446.0,West,Completed
ORD000947,2024-09-29,CUST0046,USB Cable,10,359.99,West,Pending
ORD000948,2024-02-10,CUST0024,Monitor,3,126.46,South,Cancelled
ORD000949,2024-01-09,CUST0099,Mouse,3,178.31,North,Completed
ORD000950,2024-06-20,,USB Cable,10,230.52,West,Pending
ORD000951,2024-09-18,CUST0022,Keyboard,6,398.23,West,Completed
ORD000952,2024-01-19,CUST0028,Webcam,2,102.32,East,Pending
ORD000953,2024-01-17,CUST0069,Keyboard,2,130.12,North,Completed
ORD000954,2024-06-23,CUST0070,Headphones,1,229.85,North,Cancelled
ORD000955,2024-05-13,CUST0029,Monitor,9,268.38,South,Completed
ORD000956,2024-10-20,CUST0089,Webcam,10,94.65,West,Completed
ORD000957,2024-04-19,CUST0093,Headphones,10,257.96,North,Cancelled
ORD000958,2024-07-02,CUST0004,Headphones,5,113.52,South,Pending
ORD000959,2024-05-05,CUST0080,Laptop,9,219.9,West,Completed
ORD000960,2024-03-11,CUST0064,USB Cable,4,22.55,South,Completed
ORD000961,2024-02-16,CUST0080,Keyboard,6,292.74,South,Completed
ORD000962,2024-01-31,CUST0013,USB Cable,9,63.0,South,Completed
ORD000963,2024-06-29,CUST0048,Laptop,5,321.57,East,Cancelled
ORD000964,2024-03-05,CUST0045,Mouse,8,390.84,South,Pending
ORD000965,2024-05-15,CUST0014,Charger,5,63.01,South,Completed
ORD000966,2024-02-20,CUST0066,Monitor,10,467.38,East,Cancelled
ORD000967,2024-10-13,CUST0041,Headphones,3,356.8,West,Cancelled
ORD000968,2024-08-13,CUST0081,USB Cable,4,231.9,East,Completed
ORD000969,2024-10-02,CUST0024,Keyboard,2,326.47,South,Pending
ORD000970,2024-03-13,CUST0035,Keyboard,4,52.87,North,Pending
ORD000971,2024-01-24,CUST0048,Laptop,7,58.8,West,Completed
ORD000972,2024-07-03,CUST0068,Mouse,4,105.13,South,Pending
ORD000973,2024-06-03,CUST0057,Headphones,7,477.86,North,Cancelled
ORD000974,2024-03-12,CUST0098,Laptop,8,440.58,West,Completed
ORD000975,2024-03-06,CUST0042,Laptop,2,242.18,North,Completed
ORD000976,2024-04-02,CUST0014,Laptop,9,345.13,East,Pending
ORD000977,2024-02-15,CUST0013,Charger,5,352.24,North,Completed
ORD000978,2024-06-05,CUST0008,Keyboard,2,431.36,South,Completed
ORD000979,2024-03-10,CUST0034,Keyboard,9,486.64,South,Cancelled
ORD000980,2024-02-07,CUST0078,Webcam,7,275.86,North,Completed
ORD000981,2024-02-05,CUST0094,Keyboard,2,107.62,South,Completed
ORD000982,2024-06-26,CUST0095,Mouse,6,122.06,South,Pending
ORD000983,2024-10-20,CUST0035,USB Cable,4,370.53,East,Cancelled
ORD000984,2024-07-04,CUST0025,Charger,2,495.92,South,Completed
ORD000985,2024-07-14,CUST0072,Mouse,5,499.9,West,Pending
ORD000986,2024-06-13,CUST0031,Keyboard,4,419.43,North,Completed
ORD000987,2024-09-24,CUST0044,Webcam,2,427.4,South,Cancelled
ORD000988,2024-01-31,CUST0022,Laptop,8,43.5,East,Completed
ORD000989,2024-02-10,CUST0067,Webcam,2,36.39,North,Completed
ORD000990,2024-06-28,CUST0094,Headphones,1,319.65,South,Completed
ORD000991,2024-05-26,CUST0037,Keyboard,3,114.76,East,Cancelled
ORD000992,2024-06-30,CUST0081,Laptop,6,391.08,South,Completed
ORD000993,2024-06-25,CUST0084,USB Cable,6,108.4,West,Completed
ORD000994,2024-08-24,CUST0087,Keyboard,3,411.28,West,Completed
ORD000995,2024-04-29,CUST0024,Headphones,4,137.77,West,Completed
ORD000996,2024-02-29,CUST0039,Laptop,1,462.27,North,Completed
ORD000997,2024-01-29,CUST0086,Webcam,2,26.38,North,Completed
ORD000998,2024-04-28,CUST0004,Charger,1,460.33,North,Completed
ORD000999,2024-08-17,CUST0013,USB Cable,9,213.09,North,Completed
ORD001000,2024-02-29,,USB Cable,2,-10.0,South,Completed
